model,batch,resolution,precision,count,mae_j,rmse_j,r2,mape_pct,mean_signed_err_j,mae_delta_pct_vs_model,rank_within_model
googlenet,4,384,fp16,1,6.676880882300836,6.676880882300836,,20.38941276827415,6.676880882300836,255.04447048854306,1
googlenet,4,512,fp32,1,4.164071805896853,4.164071805896853,,7.948788890822052,-4.164071805896853,121.42534747324353,2
googlenet,2,576,fp16,1,3.6607327921345316,3.6607327921345316,,10.625327537437352,3.6607327921345316,94.66019518616444,3
googlenet,1,512,fp16,1,3.3743162609687793,3.3743162609687793,,13.058721067175696,3.3743162609687793,79.42993910709126,4
googlenet,4,320,fp16,1,3.0084633968071053,3.0084633968071053,,10.086411519647367,3.0084633968071053,59.97564020274457,5
mobilenet_v3_large,4,384,fp16,1,4.4065566263253615,4.4065566263253615,,15.526901503820536,4.4065566263253615,216.377929541799,1
mobilenet_v3_large,2,576,fp16,1,3.288634378025108,3.288634378025108,,11.246142621195066,3.288634378025108,136.11436860331477,2
mobilenet_v3_large,4,160,bf16,1,2.742963393081311,2.742963393081311,,10.058764596530722,-2.742963393081311,96.93678141512603,3
mobilenet_v3_large,4,320,fp16,1,2.732081564243657,2.732081564243657,,10.450859785536952,2.732081564243657,96.15549780317431,4
mobilenet_v3_large,2,576,bf16,1,2.0467588421400933,2.0467588421400933,,6.753498322740757,2.0467588421400933,46.95132269017168,5
mobilenet_v3_small,4,384,fp16,1,2.2790808824900424,2.2790808824900424,,11.249656558713506,2.2790808824900424,221.62780839140632,1
mobilenet_v3_small,4,512,fp32,1,2.0664899366427,2.0664899366427,,8.701244192496796,-2.0664899366427,191.62660899473002,2
mobilenet_v3_small,1,320,fp32,1,1.4728767305042716,1.4728767305042716,,9.396900651375248,1.4728767305042716,107.85489383124545,3
mobilenet_v3_small,1,512,fp16,1,1.2157242417693936,1.2157242417693936,,6.326975907591158,1.2157242417693936,71.56509296914024,4
mobilenet_v3_small,2,576,fp16,1,1.164461015604651,1.164461015604651,,5.632606204959776,1.164461015604651,64.33073844968796,5
resnet18,4,384,fp16,1,6.3777604856996,6.3777604856996,,39.92988685236662,6.3777604856996,306.5040324432036,1
resnet18,4,512,fp32,1,5.003432806543266,5.003432806543266,,11.943546370034355,-5.003432806543266,218.9074937007995,2
resnet18,4,576,bf16,1,4.084549692994873,4.084549692994873,,11.410224051327797,-4.084549692994873,160.33996175303707,3
resnet18,2,576,fp16,1,4.00706735848642,4.00706735848642,,22.447329982456026,4.00706735848642,155.40141294873152,4
resnet18,4,320,fp16,1,3.4196403897209784,3.4196403897209784,,25.374085881727947,3.4196403897209784,117.96014620557536,5
resnet50,4,384,fp16,1,20.41415287821095,20.41415287821095,,44.131944691958466,20.41415287821095,353.13117501102005,1
resnet50,4,320,fp16,1,12.07003765694548,12.07003765694548,,32.77861952288,12.07003765694548,167.91757554420172,2
resnet50,4,512,fp32,1,11.912248710203329,11.912248710203329,,9.20220710084739,-11.912248710203329,164.4151480240602,3
resnet50,2,576,bf16,1,9.58638484251454,9.58638484251454,,17.77598214293609,9.58638484251454,112.78815014816988,4
resnet50,4,576,bf16,1,9.541396793205593,9.541396793205593,,9.452210804547443,-9.541396793205593,111.78955433249067,5
shufflenet_v2_x1_0,4,384,fp16,1,2.653443497422032,2.653443497422032,,10.686954915361213,2.653443497422032,169.58286106315546,1
shufflenet_v2_x1_0,4,576,bf16,1,2.453480044944616,2.453480044944616,,7.132282921459347,-2.453480044944616,149.26710168131768,2
shufflenet_v2_x1_0,2,576,fp16,1,1.9651401493725729,1.9651401493725729,,7.717873352878916,1.9651401493725729,99.6530562541219,3
shufflenet_v2_x1_0,4,320,fp16,1,1.7505062959813067,1.7505062959813067,,7.343269502098143,1.7505062959813067,77.84682283161143,4
shufflenet_v2_x1_0,1,640,fp16,1,1.615910533414354,1.615910533414354,,6.9534022142503265,1.615910533414354,64.17224834188558,5
ssdlite,4,384,fp16,1,86.95340279743368,86.95340279743368,,16.88495979197645,-86.95340279743368,316.0544936063109,1
ssdlite,4,512,fp32,1,65.65856168817066,65.65856168817066,,12.816730603126308,-65.65856168817066,214.1629741360371,2
ssdlite,4,320,fp16,1,39.21911189096994,39.21911189096994,,7.592497234763618,-39.21911189096994,87.65553977800545,3
ssdlite,4,160,bf16,1,34.27690683944974,34.27690683944974,,6.546464247593159,-34.27690683944974,64.00808546504464,4
ssdlite,2,576,fp16,1,33.04660517558074,33.04660517558074,,11.773786090367333,33.04660517558074,58.12134015921142,5
swin_t,4,512,fp32,1,41.31045862562826,41.31045862562826,,13.806881714731015,-41.31045862562826,287.79494813381217,1
swin_t,4,384,fp16,1,37.99725741640012,37.99725741640012,,40.82445823781704,37.99725741640012,256.6928317730798,2
swin_t,4,576,bf16,1,25.038339593971102,25.038339593971102,,12.033592084576828,-25.038339593971102,135.04318100639657,3
swin_t,2,576,fp16,1,23.28304963986878,23.28304963986878,,21.96180207748107,23.28304963986878,118.56569323799344,4
swin_t,4,320,fp16,1,23.184118417510604,23.184118417510604,,33.06186262873504,23.184118417510604,117.63699310927103,5
vgg16,4,384,fp16,1,22.961769593708,22.961769593708,,25.930569314320522,22.961769593708,251.03008650529623,1
vgg16,4,576,bf16,1,21.077404791264286,21.077404791264286,,11.424514858890952,-21.077404791264286,222.22269268010044,2
vgg16,4,320,fp16,1,18.270090401961895,18.270090401961895,,27.23559257256006,18.270090401961895,179.3056252954327,3
vgg16,2,576,fp16,1,15.701067024690545,15.701067024690545,,15.89403325517241,15.701067024690545,140.03145286384435,4
vgg16,2,576,bf16,1,13.698348209131495,13.698348209131495,,13.704765662611685,13.698348209131495,109.41471157992702,5
vit_b_16,1,224,fp16,1,25.441125379984864,25.441125379984864,,92.10851786346728,25.441125379984864,82.45435889356582,1
vit_b_16,2,224,bf16,1,8.793229540628715,8.793229540628715,,19.86330509586207,8.793229540628715,-36.938204011149324,2
vit_b_16,4,224,fp16,1,7.597134665490302,7.597134665490302,,12.524316237037517,-7.597134665490302,-45.516154882416515,3
yolo,4,384,fp16,1,3.4969093833925946,3.4969093833925946,,11.79705199280932,3.4969093833925946,237.42431967358092,1
yolo,2,576,fp16,1,2.336773606565906,2.336773606565906,,7.702101634196397,2.336773606565906,125.48031932749643,2
yolo,4,512,fp32,1,2.1635084837751464,2.1635084837751464,,6.091994948423418,-2.1635084837751464,108.76159437039968,3
yolo,1,640,fp16,1,2.032272700368221,2.032272700368221,,7.35271261736985,2.032272700368221,96.09837091279039,4
yolo,4,320,fp16,1,1.704869267173855,1.704869267173855,,5.945459904071506,1.704869267173855,64.50650833005875,5
